,Latitude,Longitude,category,VIC_SEX,VIC_AGE,VIC_RACE
12,40.79415338600006,-73.96844369899995,3,F,45-64,BLACK
13,40.79415338600006,-73.96844369899995,3,F,25-44,BLACK
26,40.751853036000064,-73.99853247999994,1,M,18-24,WHITE HISPANIC
27,40.751853036000064,-73.99853247999994,1,M,18-24,WHITE
29,40.770943929000055,-73.98107628599996,1,F,45-64,AMERICAN INDIAN/ALASKAN NATIVE
42,40.79863064400007,-73.93659275299996,3,F,25-44,ASIAN / PACIFIC ISLANDER
63,40.821427723000056,-73.93551602499997,0,F,45-64,BLACK
66,40.86225524200007,-73.92629731299998,0,F,18-24,WHITE HISPANIC
69,40.791989012000045,-73.93771862399994,3,F,18-24,WHITE
71,40.80114661700002,-73.95163044599997,3,M,45-64,BLACK
78,40.70403871900004,-74.01238314899997,2,F,25-44,WHITE
102,40.806760637000025,-73.94201781399995,3,F,25-44,BLACK
127,40.71550424700007,-73.99810761899994,2,M,45-64,ASIAN / PACIFIC ISLANDER
130,40.75880253700007,-73.97392543499996,1,M,25-44,WHITE HISPANIC
145,40.82321579200004,-73.93780501799995,0,F,25-44,WHITE
157,40.746206140000034,-73.98514699399993,1,M,18-24,BLACK
159,40.772218422000044,-73.948297429,3,F,65+,WHITE
167,40.78543004000005,-73.97766691999993,1,M,45-64,WHITE HISPANIC
169,40.82269869000004,-73.94657088999998,3,M,UNKNOWN,UNKNOWN
173,40.75963431200007,-73.99547490799995,1,F,UNKNOWN,UNKNOWN
176,40.82096430100006,-73.94147793899998,3,F,25-44,BLACK
188,40.73523454000008,-73.97972246599994,2,F,45-64,BLACK
194,40.81950961800004,-73.95358253499995,3,M,18-24,WHITE HISPANIC
219,40.760157529000026,-73.98395267899997,1,M,25-44,BLACK
228,40.747729682000056,-73.98683929299993,1,M,25-44,ASIAN / PACIFIC ISLANDER
254,40.79578013900005,-73.96540192499998,3,F,25-44,WHITE HISPANIC
282,40.759150161000036,-73.96084390699998,1,M,45-64,WHITE
283,40.78749626900003,-73.94975170899994,3,M,45-64,ASIAN / PACIFIC ISLANDER
284,40.83068302700008,-73.94085870399994,0,M,65+,BLACK
294,40.789457728000045,-73.94174397899997,3,M,25-44,WHITE HISPANIC
297,40.855945166000026,-73.93544641199999,0,M,25-44,BLACK
308,40.78846367600005,-73.96887613299998,3,F,25-44,UNKNOWN
364,40.739583983000045,-74.00265737399997,2,F,45-64,ASIAN / PACIFIC ISLANDER
393,40.79559826400003,-73.97296477599998,3,M,45-64,WHITE
395,40.71278360900004,-74.01169220199995,2,F,25-44,BLACK
415,40.81537620200004,-73.94177548299997,3,F,25-44,BLACK
419,40.83294176100002,-73.93543259299997,0,F,45-64,BLACK HISPANIC
420,40.792411505000075,-73.97242796299997,3,F,<18,BLACK
426,40.81806387300003,-73.95541164599996,3,F,UNKNOWN,UNKNOWN
431,40.73185913100008,-73.98375382699999,2,M,65+,BLACK
460,40.83673689600005,-73.94443466299998,0,M,25-44,BLACK HISPANIC
467,40.736358903000045,-73.99757658899993,2,F,25-44,WHITE
473,40.799232486000044,-73.93305619799997,3,F,45-64,WHITE HISPANIC
479,40.772591480000074,-73.986032874,1,F,25-44,WHITE HISPANIC
480,40.84646633600005,-73.93305203799997,0,M,65+,WHITE HISPANIC
490,40.789397465000036,-73.97110386599995,3,F,25-44,WHITE HISPANIC
504,40.80707632000008,-73.94784771899998,3,F,45-64,BLACK
519,40.759768442000045,-73.98981129799995,1,F,25-44,WHITE HISPANIC
535,40.78931028700004,-73.97383765099994,3,M,25-44,ASIAN / PACIFIC ISLANDER
543,40.756889985000036,-73.96551597199993,1,F,45-64,WHITE
570,40.75964876300003,-73.95816522899997,1,F,25-44,ASIAN / PACIFIC ISLANDER
591,40.81944886100007,-73.94078197699997,3,F,25-44,BLACK
615,40.76039969100003,-73.98934554699997,1,M,UNKNOWN,UNKNOWN
668,40.74212379200002,-73.97929092999993,1,M,45-64,WHITE
673,40.77320624600002,-73.98557783399998,1,F,45-64,BLACK
674,40.79450122500003,-73.94463604699997,3,F,25-44,WHITE HISPANIC
676,40.74212379200002,-73.97929092999993,1,M,45-64,WHITE
680,40.71078322200003,-73.99663247399997,2,F,65+,BLACK HISPANIC
685,40.74212379200002,-73.97929092999993,1,M,45-64,WHITE
687,40.74212379200002,-73.97929092999993,1,M,45-64,WHITE
689,40.74212379200002,-73.97929092999993,1,M,45-64,WHITE
690,40.85437879400007,-73.93215121299994,0,M,UNKNOWN,UNKNOWN
733,40.71634415200003,-74.00125319299997,2,F,UNKNOWN,UNKNOWN
737,40.82293702100003,-73.94005263699995,0,M,25-44,WHITE HISPANIC
756,40.72769863500002,-73.98832972299994,2,F,25-44,BLACK
775,40.85341894800007,-73.92892058399997,0,F,45-64,BLACK HISPANIC
783,40.71291861900005,-73.99578829399995,2,F,45-64,ASIAN / PACIFIC ISLANDER
796,40.713654236000025,-74.00360503099995,2,E,UNKNOWN,UNKNOWN
810,40.71398914600008,-73.99871367299994,2,F,45-64,WHITE
822,40.839602383000056,-73.93901846599994,0,F,18-24,WHITE HISPANIC
837,40.82125609900004,-73.95571661299994,3,M,25-44,BLACK HISPANIC
838,40.717444734000026,-73.99587819199995,2,M,UNKNOWN,UNKNOWN
851,40.73572213000005,-73.99804209499997,2,F,25-44,BLACK
853,40.73572213000005,-73.99804209499997,2,F,25-44,BLACK
861,40.793152657000064,-73.937497233,3,M,UNKNOWN,UNKNOWN
865,40.70179088000003,-74.01116732399998,2,M,45-64,ASIAN / PACIFIC ISLANDER
866,40.70179088000003,-74.01116732399998,2,M,25-44,BLACK
870,40.711068372000064,-73.99095856899999,2,F,45-64,BLACK
871,40.711068372000064,-73.99095856899999,2,M,25-44,BLACK
883,40.75306348500004,-73.97487693399995,1,F,25-44,BLACK
911,40.82232314000004,-73.93666773099994,0,M,45-64,BLACK
938,40.74822161900005,-73.97429048299993,1,F,25-44,WHITE HISPANIC
939,40.75791951300005,-73.97765448499997,1,M,18-24,WHITE HISPANIC
943,40.77538032600006,-73.98771118899998,1,F,18-24,WHITE HISPANIC
974,40.744971115000055,-73.98604588199998,1,M,45-64,BLACK
977,40.79301864400002,-73.97484741199997,3,F,45-64,WHITE
981,40.78749626900003,-73.94975170899994,3,F,25-44,BLACK
994,40.734660767000044,-73.97905870799997,2,F,65+,WHITE
1028,40.86163873700008,-73.92796461199998,0,F,45-64,BLACK HISPANIC
1033,40.805378209000025,-73.95657603499996,3,F,65+,BLACK
1062,40.75737987200007,-73.98412660699995,1,D,UNKNOWN,UNKNOWN
1075,40.71078322200003,-73.99663247399997,2,F,65+,ASIAN / PACIFIC ISLANDER
1108,40.74576800600005,-73.97516478999995,1,F,25-44,WHITE
1113,40.75991354900003,-73.98629182099995,1,F,25-44,BLACK
1118,40.70148881400007,-74.01254496799999,2,F,18-24,WHITE HISPANIC
1120,40.80239401800003,-73.96247276699995,3,F,25-44,UNKNOWN
1122,40.77469380600007,-73.96135467999993,1,M,18-24,WHITE
1186,40.74674324100005,-73.97948076999995,1,F,45-64,WHITE
1201,40.70580384600004,-74.00986595399995,2,M,45-64,AMERICAN INDIAN/ALASKAN NATIVE
1210,40.757317199000056,-73.98788055999995,1,F,65+,BLACK
1220,40.80837413600005,-73.94688582299993,3,F,45-64,BLACK
1221,40.799232486000044,-73.93305619799997,3,M,18-24,BLACK
1237,40.75885707500004,-73.98861664699997,1,M,45-64,WHITE HISPANIC
1239,40.737203099000055,-73.98327259799999,2,M,45-64,WHITE
1244,40.75306348500004,-73.97487693399995,1,F,25-44,WHITE
1263,40.849615767000046,-73.94033583199997,0,M,45-64,WHITE HISPANIC
1324,40.74071565400004,-73.97884750299994,1,M,<18,ASIAN / PACIFIC ISLANDER
1327,40.75664204200007,-73.98837157699995,1,M,25-44,BLACK
1338,40.76662448900004,-73.98666227599993,1,M,45-64,WHITE
1344,40.70587724000006,-74.01618141899995,2,F,25-44,WHITE
1347,40.74816936100007,-73.99268588399997,1,F,25-44,BLACK HISPANIC
1349,40.74625101300006,-73.99965137899994,1,F,65+,WHITE
1363,40.80544176100005,-73.95079652799996,3,M,25-44,BLACK
1373,40.76750562600006,-73.96224332699995,1,M,45-64,BLACK
1387,40.79415338600006,-73.96844369899995,3,F,<18,WHITE HISPANIC
1409,40.828839565000074,-73.93752514099998,0,F,25-44,BLACK
1419,40.82435127600007,-73.94146412099997,0,M,25-44,BLACK
1426,40.757346324000025,-73.98018136799993,1,M,45-64,ASIAN / PACIFIC ISLANDER
1429,40.81111301300007,-73.95234931199997,3,F,25-44,BLACK
1440,40.83493115600004,-73.94501798799999,0,F,25-44,WHITE
1447,40.81981775700007,-73.95543576099993,3,M,45-64,WHITE
1449,40.82057646800007,-73.94538753399995,3,F,25-44,BLACK
1451,40.814787465000045,-73.95750196499995,3,F,45-64,BLACK
1462,40.76662448900004,-73.98666227599993,1,M,45-64,WHITE
1475,40.863003221000035,-73.92425384299997,0,M,25-44,BLACK
1500,40.74816936100007,-73.99268588399997,1,F,UNKNOWN,WHITE
1509,40.758759600000076,-73.97868294999995,1,M,25-44,WHITE
1514,40.75541390000007,-73.97948531799993,1,M,25-44,ASIAN / PACIFIC ISLANDER
1522,40.77818144200006,-73.94548368399995,3,M,UNKNOWN,UNKNOWN
1546,40.788586771000034,-73.94556544499993,3,F,25-44,WHITE HISPANIC
1556,40.80837413600005,-73.94688582299993,3,F,25-44,BLACK
1563,40.75869473400007,-73.97076704999995,1,F,25-44,WHITE
1571,40.777001839000036,-73.98281488499998,1,F,25-44,BLACK
1574,40.829948570000056,-73.94896443099998,0,F,25-44,BLACK
1582,40.79216659000008,-73.96989644099993,3,M,65+,WHITE HISPANIC
1595,40.722415566000045,-73.99933402899995,2,F,25-44,BLACK
1597,40.86585799700004,-73.92469529199997,0,M,25-44,WHITE HISPANIC
1600,40.74359829900004,-73.98278380299999,1,M,45-64,WHITE
1611,40.82291156300005,-73.94998149999995,3,M,25-44,ASIAN / PACIFIC ISLANDER
1622,40.71549586300007,-73.99384019399997,2,F,25-44,BLACK
1623,40.759150161000036,-73.96084390699998,1,M,45-64,WHITE
1660,40.861878827000055,-73.93007926299998,0,F,25-44,WHITE HISPANIC
1668,40.72399675400004,-73.97581508199994,2,M,25-44,WHITE HISPANIC
1673,40.75783900300007,-73.99121211099998,1,M,45-64,BLACK
1699,40.79760936500002,-73.94132149499995,3,D,UNKNOWN,UNKNOWN
1703,40.821837767000034,-73.95516704199997,3,F,UNKNOWN,UNKNOWN
1715,40.825817779000026,-73.94897843799998,0,F,65+,WHITE
1729,40.83730401400004,-73.94809867999999,0,F,45-64,BLACK
1732,40.741049642000064,-73.99601386199998,2,M,25-44,WHITE HISPANIC
1734,40.78931028700004,-73.97383765099994,3,F,45-64,BLACK
1781,40.81881540500007,-73.95408520999997,3,F,25-44,UNKNOWN
1790,40.71595711700007,-73.997353676,2,F,UNKNOWN,WHITE
1792,40.820652506000044,-73.95636012799997,3,F,45-64,WHITE
1815,40.813774094000046,-73.95598531299999,3,M,25-44,AMERICAN INDIAN/ALASKAN NATIVE
1816,40.76870279100008,-73.99257893399994,1,M,25-44,WHITE HISPANIC
1818,40.79579299500005,-73.96262456499993,3,F,25-44,BLACK
1831,40.79278952300007,-73.96943750099996,3,M,45-64,WHITE HISPANIC
1833,40.72637977800008,-73.97872216899998,2,M,25-44,WHITE HISPANIC
1853,40.767976780000026,-73.96821783099993,1,F,25-44,ASIAN / PACIFIC ISLANDER
1859,40.80898137500003,-73.94832666999997,3,F,25-44,WHITE
1864,40.86225524200007,-73.92629731299998,0,F,25-44,WHITE HISPANIC
1866,40.79634123700004,-73.94119981599994,3,F,25-44,BLACK
1878,40.84575076400005,-73.93946100999993,0,F,25-44,BLACK
1888,40.809686197000076,-73.95342682699999,3,M,45-64,WHITE HISPANIC
1916,40.80959683800006,-73.94978559799995,3,F,18-24,BLACK
1932,40.86211447300008,-73.92507190099997,0,D,UNKNOWN,UNKNOWN
1942,40.77598176400005,-73.96342639799997,1,M,45-64,WHITE
1951,40.82301004800007,-73.94923712199994,3,D,UNKNOWN,UNKNOWN
1962,40.822918276000046,-73.95288643799995,3,M,45-64,ASIAN / PACIFIC ISLANDER
1966,40.74266360800004,-73.99804910799999,2,F,45-64,WHITE
1974,40.81159538100008,-73.95757625299996,3,F,25-44,BLACK
1980,40.86045297100002,-73.92787551699999,0,M,45-64,WHITE HISPANIC
2009,40.803429633000064,-73.95705409699997,3,F,25-44,ASIAN / PACIFIC ISLANDER
2036,40.747729682000056,-73.98683929299993,1,F,25-44,ASIAN / PACIFIC ISLANDER
2039,40.71078322200003,-73.99663247399997,2,F,25-44,BLACK
2061,40.74352502700003,-73.97287042299997,1,F,25-44,BLACK HISPANIC
2064,40.79506071600008,-73.97481774599999,3,F,45-64,WHITE
2066,40.822918276000046,-73.95288643799995,3,M,45-64,AMERICAN INDIAN/ALASKAN NATIVE
2089,40.82434298300007,-73.95337682399997,3,F,25-44,WHITE HISPANIC
2100,40.82348854000002,-73.95135044799997,3,F,45-64,WHITE HISPANIC
2102,40.76105887700004,-73.99675988599995,1,M,25-44,WHITE
2103,40.721184076000036,-73.97942009399995,2,F,45-64,BLACK
2106,40.718570156000055,-73.99908875999995,2,F,45-64,BLACK
2107,40.83505239600004,-73.94044284899995,0,F,45-64,BLACK HISPANIC
2111,40.817878452000045,-73.93995242199999,3,M,25-44,WHITE HISPANIC
2116,40.866418569000075,-73.92155642099993,0,M,45-64,WHITE HISPANIC
2117,40.709564416000035,-74.00643628099994,2,F,25-44,BLACK
2119,40.845191125000035,-73.93493638399997,0,F,45-64,WHITE HISPANIC
2129,40.75626620700007,-73.99050124799999,1,F,45-64,UNKNOWN
2212,40.81226765700006,-73.95708452099996,3,F,25-44,WHITE HISPANIC
2221,40.78669811700007,-73.97772066199997,1,M,25-44,BLACK
2238,40.798193324000074,-73.96735102799995,3,F,45-64,WHITE HISPANIC
2248,40.79708858400005,-73.94274857999993,3,F,25-44,WHITE HISPANIC
2252,40.820652506000044,-73.95636012799997,3,F,45-64,WHITE
2270,40.711584739000045,-73.99917181899998,2,M,UNKNOWN,BLACK
2271,40.77339328000005,-73.98916294799993,1,F,25-44,BLACK
2304,40.85209439700003,-73.93079802899997,0,M,18-24,WHITE HISPANIC
2311,40.77950599700007,-73.95558550399994,3,M,25-44,WHITE HISPANIC
2337,40.72447678000003,-73.99515259499998,2,F,25-44,WHITE HISPANIC
2378,40.81192098600008,-73.94255158399994,3,F,45-64,WHITE HISPANIC
2399,40.71078322200003,-73.99663247399997,2,F,18-24,BLACK
2417,40.82061401100003,-73.94355210399993,3,M,45-64,BLACK HISPANIC
2429,40.74479335700005,-73.99329254599995,1,F,45-64,WHITE HISPANIC
2434,40.827115607000046,-73.94803074699999,0,F,25-44,WHITE HISPANIC
2457,40.716204109000046,-73.99608027899995,2,M,25-44,BLACK
2483,40.75535759100006,-73.98931025899995,1,M,25-44,WHITE
2490,40.792695292000076,-73.93937924199997,3,F,25-44,WHITE
2502,40.72752617500004,-74.00548912799998,2,E,UNKNOWN,UNKNOWN
2513,40.78775737700005,-73.94454776299993,3,F,25-44,BLACK
2521,40.72132315400006,-74.00025758699995,2,F,25-44,WHITE
2531,40.76904847400005,-73.99047415399998,1,F,25-44,UNKNOWN
2582,40.79714228700004,-73.94596657399995,3,F,25-44,WHITE HISPANIC
2593,40.768652643000046,-73.95391401199998,1,F,25-44,WHITE
2595,40.786182447000044,-73.94569741099998,3,F,25-44,BLACK
2605,40.827115607000046,-73.94803074699999,0,F,18-24,WHITE HISPANIC
2635,40.804872148000065,-73.94749906799996,3,F,45-64,BLACK
2638,40.75226444800006,-73.99155933799993,1,M,UNKNOWN,WHITE
2648,40.817258380000055,-73.94040458099995,3,M,45-64,BLACK
2651,40.788721243000055,-73.93999677399995,3,F,25-44,WHITE HISPANIC
2656,40.78694446300005,-73.94357342599994,3,F,25-44,BLACK
2659,40.752228400000035,-73.97192485799998,1,F,45-64,WHITE HISPANIC
2670,40.71691850000008,-73.97822737199994,2,F,UNKNOWN,UNKNOWN
2680,40.87102184400004,-73.91442077199997,0,F,25-44,BLACK HISPANIC
2699,40.711817586000045,-74.01029608699997,2,D,UNKNOWN,UNKNOWN
2750,40.739483420000056,-73.97973560799994,1,M,45-64,WHITE HISPANIC
2764,40.80962885300004,-73.94197557899997,3,M,45-64,BLACK
2777,40.775546830000046,-73.94620072799995,3,D,UNKNOWN,UNKNOWN
2787,40.788735057000046,-73.97960505899994,1,F,25-44,WHITE
2791,40.80044092700007,-73.95093386399995,3,F,25-44,BLACK
2798,40.728101913000046,-73.98648597799998,2,M,45-64,WHITE
2817,40.864166325000035,-73.927517186,0,F,45-64,BLACK HISPANIC
2846,40.75664204200007,-73.98837157699995,1,F,45-64,WHITE HISPANIC
2850,40.742237852000066,-73.99119251599996,1,F,18-24,BLACK
2861,40.74112325100003,-73.98855471999997,1,F,18-24,BLACK
2862,40.75551637500007,-73.97098862199994,1,F,25-44,BLACK
2871,40.748366730000036,-73.972716871,1,F,25-44,ASIAN / PACIFIC ISLANDER
2881,40.73255738000006,-73.99613344099998,2,M,18-24,WHITE
2898,40.81085156300003,-73.95068054199999,3,M,<18,WHITE HISPANIC
2910,40.800252085000075,-73.94043786499998,3,F,18-24,WHITE HISPANIC
2936,40.720053611000026,-73.98163907899993,2,M,45-64,WHITE
2942,40.746796062000044,-73.98367439599998,1,M,45-64,WHITE
2949,40.775796911000036,-73.98288740699995,1,M,45-64,WHITE
2963,40.746645976000025,-73.99193899199997,1,F,18-24,BLACK
2966,40.775796911000036,-73.98288740699995,1,F,25-44,WHITE
2969,40.798952032000045,-73.962174926,3,F,25-44,BLACK
3026,40.71888168700008,-73.98220577599994,2,F,45-64,BLACK
3029,40.718188636000036,-74.00076261599996,2,M,25-44,ASIAN / PACIFIC ISLANDER
3031,40.763808604000076,-73.98872409799998,1,M,25-44,ASIAN / PACIFIC ISLANDER
3072,40.747285316000045,-73.98961831899999,1,M,25-44,ASIAN / PACIFIC ISLANDER
3085,40.741506303000044,-73.97973860099995,1,M,25-44,ASIAN / PACIFIC ISLANDER
3124,40.81593542600008,-73.93531542099998,3,F,25-44,BLACK
3125,40.73984385600005,-73.98552370799997,1,M,45-64,WHITE
3132,40.800846321000044,-73.94903008499993,3,F,25-44,BLACK
3139,40.78931028700004,-73.97383765099994,3,M,25-44,ASIAN / PACIFIC ISLANDER
3158,40.85021948600007,-73.93033731099996,0,M,18-24,BLACK HISPANIC
3159,40.74196087700005,-74.00460978899997,2,M,18-24,WHITE HISPANIC
3177,40.816057056000034,-73.95432194199999,3,F,25-44,WHITE HISPANIC
3206,40.73787403200004,-74.00018548099996,2,M,25-44,WHITE
3209,40.78458061100008,-73.97171983199995,3,F,25-44,WHITE
3225,40.71583281800008,-73.98629727799994,2,D,UNKNOWN,UNKNOWN
3248,40.78963684400002,-73.94316306599995,3,M,25-44,BLACK HISPANIC
3252,40.84321623700004,-73.93728755699995,0,M,<18,WHITE HISPANIC
3262,40.80010599700007,-73.96595951799998,3,F,45-64,WHITE HISPANIC
3263,40.81097984400003,-73.94902232499999,3,F,18-24,WHITE HISPANIC
3284,40.74798569200004,-74.00089288399994,1,F,45-64,ASIAN / PACIFIC ISLANDER
3291,40.72182279100008,-73.97527833299995,2,F,18-24,WHITE HISPANIC
3293,40.82960971700004,-73.94620760599996,0,F,25-44,WHITE HISPANIC
3300,40.711584739000045,-73.99917181899998,2,M,18-24,WHITE HISPANIC
3301,40.722857375000046,-74.00475638199998,2,M,25-44,WHITE HISPANIC
3316,40.86080918000005,-73.92691710999998,0,F,25-44,WHITE HISPANIC
3329,40.78349989600008,-73.96437917799993,3,M,45-64,WHITE HISPANIC
3350,40.82346294600006,-73.94338348199994,0,M,25-44,BLACK
3351,40.77682249300005,-73.97738095799998,1,M,25-44,BLACK HISPANIC
3352,40.77682249300005,-73.97738095799998,1,M,25-44,WHITE
3365,40.80051276000006,-73.93521121499998,3,M,25-44,ASIAN / PACIFIC ISLANDER
3366,40.719404551000025,-74.00188456299998,2,M,UNKNOWN,BLACK
3378,40.73898557600006,-73.99566395599999,2,F,25-44,BLACK
3379,40.823557086000044,-73.93958959499997,0,F,25-44,BLACK
3382,40.79632780800007,-73.97069996299997,3,M,45-64,BLACK
3391,40.770827222000044,-73.99261118899994,1,F,45-64,WHITE
3400,40.77577282900006,-73.95475034499998,3,M,25-44,BLACK HISPANIC
3401,40.819991180000045,-73.94400425099997,3,M,25-44,WHITE HISPANIC
3406,40.86657247400007,-73.91790098199994,0,M,45-64,UNKNOWN
3416,40.76019123400005,-73.96331955699995,1,F,25-44,WHITE HISPANIC
3417,40.77788231200003,-73.95174483199997,3,F,UNKNOWN,UNKNOWN
3425,40.74724669600005,-73.97198470099994,1,F,25-44,WHITE HISPANIC
3432,40.794515091000044,-73.96632353299998,3,M,65+,BLACK
3437,40.80022202900005,-73.93084834199995,3,F,25-44,BLACK
3446,40.759150161000036,-73.96084390699998,1,M,45-64,WHITE
3449,40.752530799000056,-73.99322318999998,1,F,25-44,WHITE
3472,40.798293080000064,-73.94186988299998,3,F,18-24,WHITE HISPANIC
3490,40.79124032800007,-73.93889302799995,3,F,45-64,BLACK
3492,40.77796231000008,-73.95995545099998,3,F,45-64,WHITE
3494,40.80918328400003,-73.95189553499995,3,F,18-24,BLACK
3507,40.78248276200002,-73.98081302099996,1,F,25-44,ASIAN / PACIFIC ISLANDER
3531,40.72887372400004,-73.99229111899997,2,F,25-44,BLACK HISPANIC
3537,40.820652506000044,-73.95636012799997,3,F,UNKNOWN,UNKNOWN
3562,40.726179141000046,-73.97731516399993,2,F,65+,WHITE
3572,40.76266321100008,-73.98212549399994,1,F,25-44,WHITE HISPANIC
3577,40.85587821700005,-73.92894326099997,0,F,<18,WHITE HISPANIC
3579,40.73262874500005,-74.00379729299993,2,F,25-44,WHITE HISPANIC
3583,40.74036053800006,-73.99255321999993,2,F,45-64,WHITE
3618,40.82931197800008,-73.949376854,0,F,18-24,WHITE HISPANIC
3626,40.79113330500007,-73.97622045199995,3,M,45-64,WHITE HISPANIC
3646,40.754450432000056,-73.97913550399994,1,M,25-44,BLACK
3655,40.75751564800004,-73.96505723199994,1,M,65+,WHITE
3675,40.75912109600006,-73.97467972799996,1,M,45-64,ASIAN / PACIFIC ISLANDER
3677,40.75501297900007,-73.96688130799998,1,F,25-44,WHITE
3687,40.817205398000056,-73.95705243299993,3,F,18-24,BLACK
3688,40.817205398000056,-73.95705243299993,3,F,25-44,BLACK
3690,40.70587724000006,-74.01618141899995,2,M,45-64,WHITE
3767,40.83294176100002,-73.93543259299997,0,F,45-64,BLACK
3769,40.74016077500005,-73.97657424399995,1,F,25-44,BLACK
3799,40.74112553400005,-73.98458878099996,1,M,25-44,WHITE
3809,40.71550959500007,-74.00600397999993,2,M,<18,WHITE
3812,40.79814608700008,-73.95035767199995,3,M,45-64,BLACK
3813,40.729351512000044,-74.00365639299997,2,M,65+,WHITE
3822,40.865311166000026,-73.91968132499993,0,F,65+,WHITE
3830,40.82681743500007,-73.95030376299998,0,F,25-44,BLACK HISPANIC
3834,40.74088057900008,-73.98019709199998,1,F,45-64,WHITE
3846,40.721184076000036,-73.97942009399995,2,F,45-64,BLACK
3867,40.858436187000045,-73.92879592599995,0,M,25-44,WHITE HISPANIC
3886,40.770827222000044,-73.99261118899994,1,F,25-44,ASIAN / PACIFIC ISLANDER
3890,40.74347045500008,-74.00539300399998,2,F,45-64,WHITE HISPANIC
3894,40.76563132100006,-73.99110639399998,1,M,25-44,WHITE
3911,40.72697530700003,-73.97828181299997,2,F,25-44,WHITE
3916,40.860158454000036,-73.93099931699999,0,F,65+,UNKNOWN
3918,40.75905705600008,-73.98522354099998,1,M,45-64,BLACK HISPANIC
3920,40.72182201900005,-73.98747935099993,2,M,UNKNOWN,BLACK
3931,40.84109492400006,-73.93792925299994,0,M,25-44,WHITE HISPANIC
3936,40.751449824000076,-73.97605054499998,1,F,25-44,WHITE HISPANIC
3940,40.80171720800007,-73.93435039399995,3,F,25-44,WHITE HISPANIC
3941,40.79126125200002,-73.94797205999998,3,F,<18,BLACK
3945,40.750430768000044,-73.98928217599996,1,M,65+,BLACK
3948,40.80724069600007,-73.93630640599997,3,F,25-44,WHITE HISPANIC
3952,40.712229008000065,-73.98683547899995,2,F,25-44,BLACK
3954,40.718564066000056,-73.98820145399995,2,F,25-44,WHITE HISPANIC
3966,40.730932467000045,-74.00434202399998,2,F,45-64,WHITE
3984,40.814631743000064,-73.94610771899994,3,F,25-44,BLACK
3991,40.71691850000008,-73.97822737199994,2,M,45-64,BLACK
4030,40.725980641000035,-73.99080140699994,2,M,45-64,WHITE HISPANIC
4037,40.79708858400005,-73.94274857999993,3,F,18-24,WHITE HISPANIC
4048,40.74438116300007,-73.98752202699995,1,F,18-24,WHITE
4053,40.86111843400005,-73.92137829699995,0,F,25-44,BLACK HISPANIC
4054,40.798193324000074,-73.96735102799995,3,F,25-44,WHITE HISPANIC
4057,40.787095233000045,-73.97359657199995,3,F,25-44,WHITE
4067,40.821862408000065,-73.942640554,3,F,25-44,WHITE HISPANIC
4085,40.73676439100007,-73.98675124699997,2,F,45-64,WHITE
4128,40.77388173600008,-73.98806889999997,1,F,45-64,BLACK
4142,40.72342541300002,-73.992793222,2,M,25-44,ASIAN / PACIFIC ISLANDER
4147,40.81729033800008,-73.93854034299993,3,M,25-44,WHITE HISPANIC
4178,40.76575064700007,-73.95905306999998,1,F,25-44,WHITE
4193,40.80191116900005,-73.95539356899997,3,M,<18,BLACK
4196,40.734470534000025,-73.99895142699995,2,F,45-64,BLACK
4202,40.79460469900005,-73.94878566499993,3,F,25-44,WHITE HISPANIC
4209,40.805819651000036,-73.94877342399997,3,F,25-44,BLACK
4219,40.86368344200008,-73.91951336999993,0,M,25-44,BLACK HISPANIC
4227,40.799675611000055,-73.95203243099995,3,F,45-64,BLACK
4241,40.81997241100004,-73.94492557099994,3,F,25-44,WHITE HISPANIC
4263,40.81097984400003,-73.94902232499999,3,M,<18,BLACK
4278,40.81981775700007,-73.95543576099993,3,F,45-64,BLACK
4282,40.827738453000045,-73.947578589,0,M,25-44,BLACK
4288,40.76297132000008,-73.97186979099996,1,M,45-64,ASIAN / PACIFIC ISLANDER
4295,40.757015739000046,-73.96387356599996,1,M,25-44,WHITE
4319,40.71632980500005,-73.98795294399997,2,F,65+,WHITE HISPANIC
4332,40.76046229400004,-73.98467455099996,1,D,UNKNOWN,UNKNOWN
4340,40.74498524300003,-73.98991821599995,1,F,25-44,WHITE
4344,40.80837413600005,-73.94688582299993,3,F,25-44,BLACK
4345,40.71684872100008,-73.98955451899997,2,F,<18,BLACK HISPANIC
4353,40.74430668400004,-73.98446534499993,1,F,25-44,ASIAN / PACIFIC ISLANDER
4358,40.792695292000076,-73.93937924199997,3,F,45-64,BLACK
4361,40.74046776900008,-73.99643971699999,2,M,45-64,BLACK
4381,40.79861899100007,-73.95227518299998,3,M,25-44,BLACK
4382,40.76164571800007,-73.98843928999997,1,M,65+,WHITE HISPANIC
4456,40.75737987200007,-73.98412660699995,1,M,25-44,ASIAN / PACIFIC ISLANDER
4500,40.76693306900006,-73.96574181599993,1,F,25-44,WHITE HISPANIC
4501,40.79918422600008,-73.95184497099996,3,D,UNKNOWN,UNKNOWN
4505,40.81937741000007,-73.94061223399994,3,M,45-64,WHITE HISPANIC
4517,40.71797431500005,-74.00729566099994,2,M,UNKNOWN,WHITE
4536,40.75604353500006,-73.98694954399997,1,F,18-24,WHITE HISPANIC
4544,40.72045033300003,-73.97491447999995,2,F,25-44,WHITE HISPANIC
4560,40.79635172500008,-73.93516470099996,3,F,25-44,WHITE HISPANIC
4571,40.773968945000036,-73.96061495599997,1,F,25-44,BLACK
4573,40.81077276700007,-73.95259158999993,3,M,<18,BLACK
4590,40.715462122000076,-73.98506366199997,2,F,45-64,BLACK
4594,40.720861967000076,-74.00393010399995,2,M,25-44,WHITE
4599,40.706327798000075,-74.01288131199995,2,M,25-44,WHITE HISPANIC
4606,40.739483420000056,-73.97973560799994,1,F,45-64,BLACK
4608,40.815929553000046,-73.94516735699995,3,F,25-44,WHITE HISPANIC
4613,40.78833650000007,-73.93907986599999,3,F,25-44,BLACK
4616,40.72182201900005,-73.98747935099993,2,M,45-64,WHITE
4623,40.760393220000026,-73.95994074499998,1,M,25-44,WHITE
4631,40.799447675000074,-73.967386531,3,F,25-44,BLACK
4658,40.768829122000064,-73.99382804299995,1,F,25-44,BLACK
4659,40.768829122000064,-73.99382804299995,1,F,25-44,WHITE HISPANIC
4663,40.83960187400004,-73.93806436499993,0,F,45-64,BLACK
4706,40.74481392400003,-73.98088521899997,1,F,25-44,BLACK
4718,40.80355590100004,-73.96523172799994,3,F,UNKNOWN,WHITE
4730,40.78756730100001,-73.94313233199995,3,F,45-64,BLACK HISPANIC
4731,40.80339359100003,-73.93814501199995,3,M,25-44,BLACK
4745,40.75454617500003,-73.97742461499998,1,F,45-64,WHITE
4752,40.81741779600002,-73.95273136799993,3,F,<18,BLACK
4753,40.79035788900006,-73.95358841299998,3,F,45-64,ASIAN / PACIFIC ISLANDER
4754,40.82524118100008,-73.94269183999995,0,M,25-44,WHITE HISPANIC
4760,40.807699163000045,-73.94738485799998,3,M,25-44,BLACK
4786,40.76920179800004,-73.98664009899994,1,F,UNKNOWN,UNKNOWN
4793,40.75210064200007,-73.97760951699999,1,M,45-64,UNKNOWN
4836,40.789802923000025,-73.95228872499997,3,F,25-44,BLACK HISPANIC
4864,40.71193331300003,-73.99822675399997,2,F,25-44,BLACK
4868,40.73092153600004,-74.00281939499997,2,M,45-64,WHITE
4875,40.740160295000074,-73.99480502599994,2,F,25-44,ASIAN / PACIFIC ISLANDER
4903,40.775083316000064,-73.98314032599995,1,F,25-44,WHITE
4904,40.80941319900006,-73.94436716399997,3,F,25-44,ASIAN / PACIFIC ISLANDER
4905,40.80941319900006,-73.94436716399997,3,F,25-44,BLACK
4915,40.744943539000076,-73.98502096499993,1,F,18-24,WHITE HISPANIC
4930,40.85276251100004,-73.93762918699997,0,D,UNKNOWN,UNKNOWN
4947,40.70846537500006,-74.01740118299993,2,F,25-44,ASIAN / PACIFIC ISLANDER
4950,40.761014472000056,-73.98889783899993,1,M,18-24,WHITE HISPANIC
4968,40.78245186000004,-73.96587826899997,3,M,25-44,WHITE
4978,40.79574637800005,-73.94268111399998,3,F,25-44,BLACK
4991,40.79918422600008,-73.95184497099996,3,M,25-44,WHITE
5007,40.709742835000036,-74.00626316399995,2,F,45-64,WHITE HISPANIC
5018,40.72127357100004,-73.99359794999998,2,M,45-64,BLACK
5019,40.81486528200002,-73.96020419899995,3,M,25-44,BLACK HISPANIC
5023,40.80203821400005,-73.93412613499999,3,M,45-64,WHITE HISPANIC
5024,40.79450122500003,-73.94463604699997,3,F,25-44,BLACK
5049,40.866418569000075,-73.92155642099993,0,F,25-44,WHITE
5057,40.806698450000056,-73.94988170299997,3,M,25-44,WHITE HISPANIC
5061,40.794515091000044,-73.96632353299998,3,F,45-64,WHITE
5065,40.86247103300008,-73.92901575199994,0,M,25-44,BLACK HISPANIC
5067,40.86247103300008,-73.92901575199994,0,F,45-64,BLACK HISPANIC
5073,40.80203233000003,-73.94968294499995,3,M,25-44,WHITE
5075,40.72480073100007,-73.99731724699996,2,F,18-24,WHITE HISPANIC
5083,40.803889605000045,-73.95409189299994,3,M,UNKNOWN,BLACK
5096,40.71133483800003,-74.00547336499993,2,M,<18,WHITE
5127,40.76096262300007,-73.99265199199994,1,F,45-64,BLACK
5128,40.77216334700007,-73.95437009899997,3,F,25-44,WHITE
5135,40.848309423000046,-73.93075497799998,0,F,25-44,BLACK HISPANIC
5146,40.718564066000056,-73.98820145399995,2,F,<18,BLACK HISPANIC
5148,40.824458658000026,-73.93690055699994,0,M,<18,BLACK
5190,40.75306342700002,-73.99654732399993,1,M,25-44,WHITE HISPANIC
5197,40.78038838000003,-73.94584295799996,3,F,25-44,BLACK
5198,40.711584739000045,-73.99917181899998,2,F,25-44,AMERICAN INDIAN/ALASKAN NATIVE
5199,40.78787459900008,-73.92818164599998,3,M,45-64,WHITE HISPANIC
5201,40.71022856800005,-74.00774568899999,2,F,UNKNOWN,UNKNOWN
5217,40.76250246800004,-73.99338461899998,1,M,65+,WHITE
5218,40.73669094600008,-73.99523109199998,2,F,25-44,WHITE HISPANIC
5231,40.785217275000036,-73.97125373299998,3,M,45-64,WHITE
5238,40.754890687000064,-73.97144729099993,1,F,45-64,WHITE
5266,40.76011098500004,-73.98480818999997,1,M,UNKNOWN,UNKNOWN
5272,40.804384046000045,-73.93742166899995,3,M,<18,WHITE
5289,40.74351160900005,-73.99422735499998,1,F,25-44,BLACK
5291,40.72327029600008,-73.98058474099996,2,F,25-44,BLACK
5293,40.72111686200003,-74.00999448699997,2,F,25-44,BLACK
5308,40.785777977000066,-73.97455764699998,1,F,25-44,WHITE HISPANIC
5322,40.751449824000076,-73.97605054499998,1,M,45-64,WHITE
5323,40.751449824000076,-73.97605054499998,1,F,25-44,BLACK
5327,40.74048978100007,-74.00013496799994,2,M,45-64,AMERICAN INDIAN/ALASKAN NATIVE
5330,40.76688284900007,-73.99019287699997,1,F,25-44,WHITE
5343,40.746934278000026,-73.99358826699995,1,F,25-44,WHITE
5346,40.78415647000002,-73.97759873799998,1,M,25-44,WHITE
5357,40.73697339700004,-74.00905144999997,2,F,65+,WHITE
5376,40.73585633700003,-74.008340445,2,F,65+,WHITE
5377,40.75803003100003,-73.98179465299995,1,F,18-24,WHITE
5384,40.81816608500003,-73.95030660999998,3,F,25-44,UNKNOWN
5399,40.738366687000045,-73.98202736399995,1,F,45-64,WHITE HISPANIC
5415,40.82348854000002,-73.95135044799997,3,F,25-44,WHITE
5422,40.83531944700008,-73.94203990499993,0,F,25-44,WHITE HISPANIC
5444,40.861820186000045,-73.92414673399995,0,F,25-44,WHITE HISPANIC
5457,40.84903537100007,-73.93303499399997,0,F,25-44,WHITE
5470,40.84646633600005,-73.93305203799997,0,M,UNKNOWN,UNKNOWN
5504,40.85307923400006,-73.93966399599998,0,M,45-64,WHITE
5517,40.75783900300007,-73.99121211099998,1,M,25-44,UNKNOWN
5519,40.760505799000036,-73.98184451299994,1,F,25-44,BLACK HISPANIC
5525,40.74285848300008,-74.00212340699994,2,F,25-44,BLACK
5526,40.754089855000075,-73.99394129799998,1,M,25-44,WHITE HISPANIC
5527,40.71133483800003,-74.00547336499993,2,M,45-64,WHITE
5533,40.75238791700008,-73.97327466399997,1,F,25-44,WHITE
5542,40.795230291000045,-73.94832289699998,3,F,<18,BLACK HISPANIC
5603,40.72065583300008,-74.00889050099995,2,F,25-44,WHITE HISPANIC
5614,40.72599993500006,-73.991865723,2,F,25-44,BLACK
5651,40.78255615300003,-73.97690597899998,1,F,45-64,WHITE HISPANIC
5655,40.79506071600008,-73.97481774599999,3,M,25-44,BLACK
5656,40.70431349200004,-74.00922374299995,2,F,18-24,WHITE
5678,40.82125609900004,-73.95571661299994,3,F,25-44,WHITE HISPANIC
5716,40.75786503500007,-73.96781838299995,1,F,25-44,WHITE
5717,40.759768442000045,-73.98981129799995,1,M,25-44,WHITE HISPANIC
5726,40.75671785500003,-73.98063996399995,1,F,25-44,WHITE
5729,40.77103743900005,-73.98226404799993,1,F,25-44,WHITE
5730,40.859152710000046,-73.92904821499997,0,F,25-44,BLACK HISPANIC
5731,40.82293702100003,-73.94005263699995,0,F,25-44,BLACK
5733,40.74212379200002,-73.97929092999993,1,M,45-64,WHITE
5768,40.76506619600008,-73.99656114199999,1,M,18-24,ASIAN / PACIFIC ISLANDER
5781,40.842615383000066,-73.93772543999995,0,F,25-44,WHITE HISPANIC
5782,40.76265548700008,-73.97111546699995,1,F,25-44,ASIAN / PACIFIC ISLANDER
5785,40.79861899100007,-73.95227518299998,3,F,25-44,BLACK
5791,40.75723935900004,-73.96827348799998,1,F,25-44,WHITE
5804,40.81300852900005,-73.95654576899994,3,F,18-24,WHITE HISPANIC
5810,40.83412228600001,-73.94111944899998,0,F,18-24,BLACK
5820,40.729713424000074,-73.98978341999998,2,F,25-44,WHITE HISPANIC
5828,40.74181180900007,-73.98526345199997,1,M,45-64,WHITE
5855,40.76039969100003,-73.98934554699997,1,M,25-44,WHITE
5857,40.74212379200002,-73.97929092999993,1,M,45-64,WHITE
5858,40.79939653500002,-73.97117537399998,3,M,45-64,WHITE HISPANIC
5883,40.74212379200002,-73.97929092999993,1,M,45-64,WHITE
5884,40.79787150300007,-73.94411676299995,3,F,25-44,BLACK
5898,40.78264042200004,-73.97313252999999,1,F,25-44,WHITE HISPANIC
5913,40.72182201900005,-73.98747935099993,2,F,25-44,WHITE
5930,40.75212492800007,-73.97555944099996,1,M,25-44,WHITE HISPANIC
5943,40.81944886100007,-73.94078197699997,3,F,25-44,BLACK
5976,40.855241729000056,-73.92940664399998,0,F,18-24,WHITE HISPANIC
5983,40.78579525500004,-73.97853707299998,1,F,45-64,WHITE
5988,40.74716991900005,-73.98838044799999,1,M,25-44,ASIAN / PACIFIC ISLANDER
5992,40.718564066000056,-73.98820145399995,2,M,25-44,WHITE HISPANIC
6011,40.79605784000006,-73.96705230699997,3,F,25-44,BLACK
6016,40.80209197100004,-73.93700122199994,3,M,25-44,BLACK
6028,40.77997097400004,-73.97879170499994,1,F,65+,WHITE
6072,40.80507220000004,-73.941166819,3,F,25-44,BLACK
6075,40.75783900300007,-73.99121211099998,1,M,45-64,WHITE
6083,40.788586771000034,-73.94556544499993,3,F,18-24,BLACK
6089,40.73669094600008,-73.99523109199998,2,F,25-44,WHITE
6124,40.79787150300007,-73.94411676299995,3,M,45-64,WHITE HISPANIC
6131,40.78931028700004,-73.97383765099994,3,M,45-64,BLACK
6142,40.836105283000045,-73.93838202299997,0,F,45-64,BLACK
6167,40.753925329000026,-73.999633293,1,M,45-64,WHITE
6170,40.75713325800007,-73.97190835199996,1,F,18-24,WHITE HISPANIC
6180,40.79433796300003,-73.97102948999998,3,M,18-24,WHITE
6198,40.744173068000066,-73.99374010399998,1,F,25-44,WHITE
6204,40.79244971700007,-73.97154675099993,3,M,25-44,WHITE
6207,40.70751952800003,-74.00709974599994,2,M,25-44,BLACK
6223,40.81097984400003,-73.94902232499999,3,F,25-44,BLACK
6257,40.78405116600004,-73.94870350599997,3,M,25-44,WHITE
6268,40.847568986000056,-73.93663285199995,0,F,45-64,WHITE HISPANIC
6269,40.78386245300004,-73.97595583399993,1,F,25-44,WHITE
6274,40.829860659000076,-73.94293719299998,0,F,25-44,WHITE HISPANIC
6309,40.723392998000065,-73.97625544299996,2,F,45-64,WHITE HISPANIC
6343,40.730756883000026,-74.00076997599997,2,M,65+,WHITE
6346,40.75626620700007,-73.99050124799999,1,F,25-44,WHITE HISPANIC
6357,40.71779064700007,-73.99963709799994,2,D,UNKNOWN,UNKNOWN
6379,40.74131304000008,-74.00620839299995,2,M,25-44,WHITE
6390,40.83330161500004,-73.94111656199995,0,F,25-44,BLACK
6404,40.80088659200004,-73.96076156699995,3,F,25-44,WHITE HISPANIC
6418,40.72161376200007,-73.99120967099998,2,M,25-44,BLACK HISPANIC
6429,40.75715297100004,-73.993562017,1,F,25-44,BLACK HISPANIC
6438,40.798943416000036,-73.93636129899994,3,F,25-44,WHITE
6441,40.72279473000003,-73.97668857899998,2,F,45-64,WHITE
6453,40.76125260800006,-73.969885144,1,M,25-44,ASIAN / PACIFIC ISLANDER
6466,40.75127532000005,-73.98250029899998,1,M,25-44,BLACK
6499,40.763438853000025,-73.96521295999997,1,M,65+,WHITE
6506,40.823516864000055,-73.94142872399993,0,M,25-44,BLACK
6509,40.82044551200005,-73.93623234699999,0,M,25-44,BLACK
6511,40.76786851900005,-73.96407706599996,1,M,45-64,WHITE HISPANIC
6517,40.71691850000008,-73.97822737199994,2,M,45-64,BLACK
6520,40.84584903800004,-73.93350445399994,0,M,25-44,BLACK HISPANIC
6523,40.75031041000005,-74.00447682799995,1,M,25-44,BLACK
6530,40.71691850000008,-73.97822737199994,2,M,45-64,BLACK
6537,40.81600451200006,-73.94131972799995,3,M,25-44,BLACK
6546,40.78073917800003,-73.944730538,3,F,25-44,BLACK
6554,40.81936834900005,-73.94446000399995,3,F,25-44,WHITE HISPANIC
6576,40.72902817200002,-73.97717348099997,2,F,25-44,ASIAN / PACIFIC ISLANDER
6589,40.84139123500006,-73.93771212999997,0,F,UNKNOWN,UNKNOWN
6594,40.741266436000046,-74.00505360899997,2,M,45-64,WHITE
6597,40.70510043300004,-74.01645534299999,2,F,25-44,WHITE
6600,40.733347930000036,-74.000903512,2,F,25-44,WHITE
6604,40.73860122700007,-73.99383805899998,2,M,25-44,BLACK HISPANIC
6620,40.832825408000076,-73.94387058599993,0,F,25-44,WHITE HISPANIC
6634,40.77950404800004,-73.95770141099996,3,F,25-44,WHITE
6660,40.73002834900007,-73.98354500399995,2,F,UNKNOWN,WHITE HISPANIC
6673,40.79136927100007,-73.94418722599994,3,M,<18,BLACK
6688,40.77026178400007,-73.95576135099995,1,F,UNKNOWN,WHITE HISPANIC
6693,40.74859275200004,-73.97709098699994,1,F,65+,WHITE
6734,40.82627225200008,-73.93569922199998,0,F,25-44,BLACK
6743,40.820652506000044,-73.95636012799997,3,F,18-24,WHITE
6745,40.815929553000046,-73.94516735699995,3,F,45-64,BLACK HISPANIC
6757,40.76750562600006,-73.96224332699995,1,M,45-64,WHITE
6768,40.71022856800005,-74.00774568899999,2,M,45-64,BLACK
6800,40.74372309800003,-73.99963334799997,2,M,45-64,ASIAN / PACIFIC ISLANDER
6813,40.75454617500003,-73.97742461499998,1,F,45-64,BLACK
6834,40.737203099000055,-73.98327259799999,2,F,45-64,BLACK
6835,40.758895066000036,-73.98483734499997,1,F,18-24,WHITE
6874,40.763288941000035,-73.98166687099996,1,F,25-44,WHITE HISPANIC
6897,40.83433561100002,-73.93964485599997,0,F,25-44,WHITE HISPANIC
6919,40.800880893000055,-73.94095380699997,3,F,18-24,BLACK HISPANIC
6940,40.75616976700008,-73.97156224699995,1,F,65+,WHITE
6952,40.71959809500004,-73.982367922,2,F,45-64,WHITE HISPANIC
6963,40.76542741900005,-73.98382505999997,1,M,25-44,BLACK
6980,40.752228400000035,-73.97192485799998,1,F,45-64,WHITE HISPANIC
6983,40.86155981300004,-73.92471823499993,0,F,25-44,WHITE HISPANIC
6991,40.794515091000044,-73.96632353299998,3,M,65+,WHITE
6993,40.717186266000056,-73.98891235199994,2,F,25-44,BLACK
6994,40.763522977000044,-73.98707442499993,1,F,45-64,BLACK
7002,40.84138248800008,-73.93676885299993,0,F,18-24,WHITE HISPANIC
7016,40.759150161000036,-73.96084390699998,1,M,45-64,WHITE
7039,40.727362810000045,-73.98106701199998,2,M,25-44,BLACK
7046,40.78978846500007,-73.94451718099998,3,M,45-64,WHITE HISPANIC
7049,40.74155701900003,-73.98957590699997,1,F,25-44,ASIAN / PACIFIC ISLANDER
7051,40.711389864000076,-74.000106051,2,F,45-64,WHITE HISPANIC
7059,40.798260642000045,-73.94286676199994,3,M,UNKNOWN,UNKNOWN
7067,40.765024079000064,-73.98483594999993,1,F,45-64,ASIAN / PACIFIC ISLANDER
7089,40.868189116000046,-73.93045587999995,0,M,UNKNOWN,WHITE
7112,40.78661353200005,-73.98048682699994,1,M,45-64,WHITE
7175,40.71677775800004,-74.00411383799997,2,F,25-44,BLACK
7183,40.75459230000007,-73.99914601999996,1,F,UNKNOWN,UNKNOWN
7189,40.82552249700007,-73.93995997699994,0,F,18-24,BLACK
7193,40.79718938900004,-73.93609931999998,3,M,65+,WHITE HISPANIC
7203,40.733995667000045,-74.00258859299998,2,M,18-24,WHITE
7228,40.75711743800008,-73.99730872799995,1,M,25-44,WHITE
7233,40.81309029000005,-73.93738096999994,3,F,25-44,BLACK HISPANIC
7237,40.807354427000064,-73.93851339399998,3,F,25-44,BLACK
7245,40.79578013900005,-73.96540192499998,3,F,45-64,BLACK
7248,40.805418637000045,-73.95464711199999,3,F,25-44,BLACK
7257,40.71132284500004,-73.98376604599997,2,F,45-64,BLACK
7258,40.71132284500004,-73.98376604599997,2,M,45-64,BLACK
7260,40.72640641000004,-73.99710792599996,2,M,UNKNOWN,ASIAN / PACIFIC ISLANDER
7270,40.82988213900006,-73.93675809999998,0,F,45-64,BLACK
7281,40.767117864000056,-73.98171996799994,1,F,45-64,BLACK
7294,40.71899921800008,-73.97924760999997,2,F,<18,BLACK
7307,40.78386245300004,-73.97595583399993,1,M,25-44,BLACK
7324,40.80469017200004,-73.93509878399993,3,F,25-44,BLACK
7326,40.72848485000002,-73.97789165899997,2,F,18-24,WHITE HISPANIC
7331,40.81469240900003,-73.95302593099996,3,M,25-44,ASIAN / PACIFIC ISLANDER
7343,40.73555988900005,-73.99146402799995,2,M,18-24,BLACK
7353,40.71889950700007,-74.00231744599995,2,F,45-64,BLACK
7379,40.78908386500007,-73.96843165599995,3,F,25-44,BLACK
7381,40.78833650000007,-73.93907986599999,3,F,25-44,BLACK
7389,40.711817586000045,-74.01029608699997,2,D,UNKNOWN,UNKNOWN
7396,40.75057947100004,-73.99835926699996,1,F,45-64,BLACK
7399,40.83831596500005,-73.94624754799997,0,M,65+,WHITE
7405,40.781351975000064,-73.98108054999993,1,M,25-44,WHITE
7407,40.73430505600004,-73.98644863699997,2,F,25-44,WHITE
7423,40.770943929000055,-73.98107628599996,1,M,45-64,WHITE
7424,40.799466801000044,-73.95153053599995,3,M,<18,UNKNOWN
7425,40.798262263000034,-73.95248492199994,3,M,<18,BLACK
7426,40.799466801000044,-73.95153053599995,3,M,<18,BLACK
7427,40.799466801000044,-73.95153053599995,3,M,<18,BLACK HISPANIC
7438,40.742196980000074,-73.97468254999995,1,M,45-64,WHITE HISPANIC
7475,40.75468280000007,-73.96417802099995,1,F,25-44,WHITE
7484,40.86309029500006,-73.92734482299994,0,M,18-24,WHITE HISPANIC
7496,40.729142753000076,-74.00703349799994,2,M,45-64,WHITE
7500,40.795646955000045,-73.97007544899995,3,F,18-24,BLACK
7503,40.70560836100003,-74.01539508099995,2,F,25-44,BLACK
7509,40.76891888700004,-73.98499030199997,1,M,18-24,AMERICAN INDIAN/ALASKAN NATIVE
7512,40.821862408000065,-73.942640554,3,F,45-64,BLACK
7514,40.74082451100002,-73.97426085799998,1,M,25-44,BLACK
7532,40.758044083000065,-73.97019701999993,1,F,25-44,UNKNOWN
7539,40.71899921800008,-73.97924760999997,2,F,<18,BLACK
7550,40.84962687400008,-73.93074276299996,0,M,45-64,BLACK HISPANIC
7554,40.81394275900004,-73.95219916699995,3,M,25-44,BLACK
7557,40.76346569700007,-73.99082872099996,1,F,<18,WHITE HISPANIC
7570,40.821862408000065,-73.942640554,3,F,45-64,BLACK
7644,40.84321623700004,-73.93728755699995,0,F,45-64,WHITE HISPANIC
7669,40.80012003400003,-73.96703584899994,3,F,45-64,WHITE
7680,40.795646955000045,-73.97007544899995,3,F,18-24,BLACK
7682,40.866639255000045,-73.92744941199999,0,F,45-64,BLACK HISPANIC
7691,40.79465928500008,-73.97178778199999,3,M,<18,BLACK HISPANIC
7701,40.79708858400005,-73.94274857999993,3,M,25-44,WHITE HISPANIC
7703,40.725283501000035,-73.991173109,2,M,45-64,BLACK
7717,40.72259223100008,-73.97994998799999,2,F,UNKNOWN,BLACK
7736,40.71646490500007,-74.00232096899998,2,F,45-64,WHITE HISPANIC
7744,40.753971255000074,-73.98697882499994,1,F,18-24,BLACK
7749,40.706327798000075,-74.01288131199995,2,M,25-44,WHITE
7756,40.75226444800006,-73.99155933799993,1,F,UNKNOWN,WHITE HISPANIC
7767,40.754408117000025,-73.99185864599998,1,F,25-44,BLACK
7769,40.73344391200004,-73.99549111899995,2,M,65+,ASIAN / PACIFIC ISLANDER
7770,40.73344391200004,-73.99549111899995,2,M,65+,ASIAN / PACIFIC ISLANDER
7773,40.792461167000056,-73.97352221499993,3,F,45-64,WHITE HISPANIC
7802,40.75737987200007,-73.98412660699995,1,M,25-44,WHITE
7811,40.86362129700007,-73.92093426899999,0,M,45-64,BLACK HISPANIC
7813,40.750977014000064,-73.97283851499998,1,M,45-64,WHITE
7817,40.801012471000035,-73.94621626699995,3,M,25-44,BLACK
7827,40.71652158200004,-73.98492995199997,2,F,45-64,WHITE HISPANIC
7829,40.753831441000045,-73.98856336499993,1,F,25-44,ASIAN / PACIFIC ISLANDER
7841,40.77788231200003,-73.95174483199997,3,M,25-44,BLACK
7869,40.789802923000025,-73.95228872499997,3,F,45-64,BLACK
7872,40.82611031200002,-73.94082302199999,0,F,18-24,BLACK
7875,40.724005870000035,-73.98045825599996,2,M,25-44,WHITE HISPANIC
7893,40.79516460100007,-73.96308359299998,3,F,25-44,BLACK
7926,40.767168430000034,-73.99184264599995,1,F,25-44,WHITE
7959,40.74759591500003,-73.97473463399997,1,F,65+,WHITE
8018,40.79516460100007,-73.96308359299998,3,F,18-24,BLACK
8021,40.798193324000074,-73.96735102799995,3,F,25-44,BLACK
8048,40.77788231200003,-73.95174483199997,3,M,25-44,WHITE
8053,40.70179088000003,-74.01116732399998,2,M,25-44,AMERICAN INDIAN/ALASKAN NATIVE
8060,40.807138872000046,-73.95288315799998,3,F,25-44,BLACK HISPANIC
8062,40.75925159100007,-73.98275809999996,1,F,UNKNOWN,UNKNOWN
8065,40.794869893000055,-73.94648487599994,3,F,45-64,WHITE HISPANIC
8083,40.80261025900006,-73.96980502999997,3,F,25-44,BLACK
8095,40.84932945700007,-73.93373230599997,0,M,<18,WHITE
8097,40.807239306000035,-73.95703718999994,3,F,18-24,BLACK
8102,40.73464579700004,-73.99033112999997,2,M,18-24,WHITE
8108,40.752809101000025,-73.97928760899998,1,F,25-44,WHITE HISPANIC
8109,40.77801697500007,-73.98021132399998,1,F,45-64,WHITE
8120,40.72229427400004,-73.98900890899995,2,F,25-44,WHITE HISPANIC
8125,40.775796911000036,-73.98288740699995,1,F,18-24,WHITE
8158,40.800880893000055,-73.94095380699997,3,F,18-24,WHITE HISPANIC
8161,40.75350226000006,-73.99066406199995,1,D,UNKNOWN,UNKNOWN
8167,40.81469240900003,-73.95302593099996,3,M,25-44,AMERICAN INDIAN/ALASKAN NATIVE
8174,40.74234393300003,-73.98268669099998,1,M,25-44,WHITE
8179,40.83883022800006,-73.94262953899994,0,F,18-24,BLACK HISPANIC
8186,40.718033150000046,-73.97974573599998,2,F,18-24,BLACK
8187,40.718033150000046,-73.97974573599998,2,F,UNKNOWN,UNKNOWN
8193,40.81537620200004,-73.94177548299997,3,F,25-44,WHITE HISPANIC
8199,40.76221690800003,-73.99174217799998,1,F,25-44,WHITE
8203,40.72479293300007,-73.97678528999995,2,M,45-64,WHITE
8206,40.71946547300007,-73.97737156199997,2,F,45-64,BLACK
8208,40.847243182000064,-73.93813676899998,0,M,UNKNOWN,UNKNOWN
8212,40.800846321000044,-73.94903008499993,3,F,UNKNOWN,UNKNOWN
8214,40.80574439100008,-73.94064606999996,3,M,45-64,WHITE HISPANIC
8217,40.85725827500005,-73.92809226599995,0,F,UNKNOWN,UNKNOWN
8220,40.71946547300007,-73.97737156199997,2,M,18-24,WHITE HISPANIC
8224,40.800334261000046,-73.94565697199994,3,F,45-64,BLACK
8229,40.765024079000064,-73.98483594999993,1,F,<18,BLACK
8231,40.81611161300003,-73.95348013399997,3,F,65+,BLACK
8246,40.764379785000074,-73.99201626499998,1,M,25-44,WHITE HISPANIC
8265,40.79506071600008,-73.97481774599999,3,M,45-64,WHITE
8284,40.763522977000044,-73.98707442499993,1,M,UNKNOWN,WHITE
8287,40.864166325000035,-73.927517186,0,M,25-44,BLACK HISPANIC
8300,40.82871989100005,-73.94506648099998,0,F,45-64,WHITE HISPANIC
8315,40.84958781300003,-73.93435013899995,0,F,18-24,WHITE HISPANIC
8317,40.830905528000066,-73.93605248599994,0,F,25-44,BLACK
8321,40.83684728400005,-73.94569219799997,0,F,25-44,WHITE
8369,40.726335071000044,-73.97480402699995,2,M,<18,WHITE HISPANIC
8370,40.814787465000045,-73.95750196499995,3,F,25-44,WHITE
8431,40.80209197100004,-73.93700122199994,3,F,45-64,BLACK
8437,40.83882088100006,-73.94043586199997,0,F,45-64,BLACK
8445,40.75813554800004,-73.99285444099996,1,D,UNKNOWN,UNKNOWN
8454,40.80130374100002,-73.93610620599996,3,F,18-24,WHITE HISPANIC
8456,40.73902192000002,-73.97767164799995,1,F,45-64,WHITE HISPANIC
8469,40.76365286300006,-73.97558408999998,1,F,18-24,WHITE
8488,40.76406937600007,-73.95505791899996,1,D,UNKNOWN,UNKNOWN
8492,40.71524040100008,-73.99084617599993,2,F,45-64,ASIAN / PACIFIC ISLANDER
8495,40.717444734000026,-73.99587819199995,2,M,<18,ASIAN / PACIFIC ISLANDER
8509,40.82437748600006,-73.94451363399995,0,M,18-24,WHITE HISPANIC
8537,40.72661224600006,-74.00358769299999,2,M,UNKNOWN,UNKNOWN
8545,40.759150161000036,-73.96084390699998,1,M,45-64,WHITE
8546,40.811130194000036,-73.93671450599999,3,F,45-64,BLACK
8559,40.80538527900006,-73.953588772,3,F,25-44,BLACK
8562,40.730468511000026,-73.99365840499998,2,M,25-44,WHITE
8583,40.82362631000007,-73.95263301699998,3,M,25-44,ASIAN / PACIFIC ISLANDER
8603,40.729979851000046,-73.99213945199995,2,F,45-64,WHITE HISPANIC
8608,40.70732160200004,-74.01096626599998,2,F,18-24,BLACK
8609,40.798455240000074,-73.94808201499995,3,F,UNKNOWN,UNKNOWN
8623,40.77513623100003,-73.95521653399999,3,M,45-64,ASIAN / PACIFIC ISLANDER
8635,40.76693806100008,-73.99520004699998,1,F,25-44,BLACK
8637,40.72709757600006,-73.98876277899996,2,M,45-64,BLACK
8645,40.75979352100006,-73.99585391499993,1,F,45-64,BLACK
8692,40.74212379200002,-73.97929092999993,1,M,45-64,WHITE
8701,40.71583281800008,-73.98629727799994,2,M,45-64,WHITE HISPANIC
8712,40.762611582000034,-73.98587613399997,1,F,65+,WHITE
8713,40.762611582000034,-73.98587613399997,1,F,65+,WHITE
8716,40.759150161000036,-73.96084390699998,1,M,45-64,WHITE
8725,40.73902192000002,-73.97767164799995,1,F,45-64,WHITE HISPANIC
8728,40.78675437600003,-73.94216162599997,3,F,45-64,WHITE
8738,40.83748093200006,-73.939417941,0,M,25-44,BLACK
8750,40.763522977000044,-73.98707442499993,1,F,45-64,WHITE
8756,40.82348854000002,-73.95135044799997,3,F,65+,WHITE
8807,40.767324100000046,-73.98429752099996,1,M,45-64,WHITE HISPANIC
8809,40.765914145000075,-73.99275613599998,1,F,25-44,BLACK
8811,40.826851383000076,-73.94643386299998,0,F,45-64,BLACK
8834,40.767794199000036,-73.99138769399997,1,M,45-64,WHITE
8845,40.76255336600008,-73.96893877799994,1,F,25-44,WHITE HISPANIC
8857,40.718704649000074,-74.00090331299998,2,M,45-64,BLACK
8863,40.798294748000046,-73.93977143699995,3,F,25-44,WHITE HISPANIC
8901,40.76039969100003,-73.98934554699997,1,M,25-44,BLACK
8902,40.83743666500004,-73.94415942299997,0,M,25-44,WHITE HISPANIC
8936,40.82747421900008,-73.94597446399997,0,F,25-44,BLACK
8950,40.74176238800004,-73.98513715799999,1,F,25-44,WHITE
8955,40.76072884800004,-73.98724823399994,1,D,UNKNOWN,UNKNOWN
8963,40.76072884800004,-73.98724823399994,1,M,25-44,AMERICAN INDIAN/ALASKAN NATIVE
9007,40.71787216100006,-73.98617781499998,2,F,45-64,UNKNOWN
9009,40.78946330000008,-73.94763400399995,3,M,25-44,BLACK
9018,40.705639013000045,-74.01145290199997,2,M,25-44,WHITE
9053,40.72233586900006,-73.99518882699994,2,M,45-64,BLACK HISPANIC
9093,40.73486945600007,-73.97954215899993,2,F,45-64,WHITE
9094,40.74212379200002,-73.97929092999993,1,M,45-64,WHITE
9101,40.767324100000046,-73.98429752099996,1,M,25-44,WHITE
9113,40.72948830700005,-74.01073539199997,2,M,45-64,BLACK
9122,40.742249162000064,-73.99885747799993,2,F,25-44,WHITE
9123,40.71493582200002,-74.00794102699997,2,M,65+,BLACK
9125,40.79827989900008,-73.93277182499997,3,F,25-44,WHITE HISPANIC
9164,40.814093699000075,-73.95929788799998,3,F,18-24,WHITE HISPANIC
9174,40.811986508000075,-73.94757654399997,3,F,45-64,BLACK
9204,40.720053611000026,-73.98163907899993,2,F,45-64,BLACK HISPANIC
9235,40.75832837900003,-73.96601335299994,1,F,25-44,WHITE
9241,40.85204555700005,-73.93174513099996,0,F,25-44,WHITE HISPANIC
9262,40.745561049000045,-73.98456971099995,1,M,25-44,BLACK
9283,40.815440126000055,-73.93803627199995,3,M,25-44,WHITE
9287,40.72541278400007,-74.00369586299998,2,M,UNKNOWN,UNKNOWN
9299,40.765024079000064,-73.98483594999993,1,M,25-44,BLACK
9301,40.782967563000064,-73.94402455299998,3,M,45-64,WHITE HISPANIC
9305,40.74049991700008,-73.98605764399997,1,M,25-44,WHITE
9307,40.76574028600004,-73.98359755199994,1,F,18-24,UNKNOWN
9313,40.82232314000004,-73.93666773099994,0,M,25-44,BLACK
9316,40.74936896200006,-73.99552613299994,1,F,45-64,BLACK
9323,40.825913006000064,-73.94711752799998,0,F,25-44,WHITE HISPANIC
9325,40.847487073000025,-73.93741726499997,0,F,65+,BLACK HISPANIC
9326,40.75251306000007,-73.98159764999998,1,F,UNKNOWN,WHITE HISPANIC
9327,40.76512939600008,-73.97493736299998,1,F,25-44,UNKNOWN
9336,40.75473732000006,-73.98975792599998,1,M,UNKNOWN,ASIAN / PACIFIC ISLANDER
9344,40.762897226000064,-73.98752577899995,1,F,25-44,UNKNOWN
9352,40.721432892000045,-74.00345032499997,2,F,UNKNOWN,UNKNOWN
9353,40.82293702100003,-73.94005263699995,0,F,25-44,WHITE HISPANIC
9357,40.80025258300003,-73.94140946199997,3,M,25-44,WHITE HISPANIC
9368,40.75178737600004,-73.97580499399999,1,M,25-44,WHITE
9372,40.82061401100003,-73.94355210399993,3,M,25-44,UNKNOWN
9379,40.79781767700007,-73.93564002399995,3,F,25-44,WHITE HISPANIC
9380,40.799232486000044,-73.93305619799997,3,F,45-64,BLACK
9389,40.729713424000074,-73.98978341999998,2,F,25-44,AMERICAN INDIAN/ALASKAN NATIVE
9393,40.75519727500005,-73.96829611699997,1,F,25-44,WHITE
9395,40.76304486500004,-73.98301702799995,1,M,45-64,WHITE HISPANIC
9403,40.83345097700004,-73.94340750599997,0,M,18-24,WHITE HISPANIC
9451,40.72066379300003,-73.98806399499993,2,M,25-44,BLACK
9458,40.763800684000046,-73.97378630199995,1,F,45-64,WHITE
9472,40.86218456800003,-73.92314489399995,0,F,45-64,BLACK
9505,40.80051276000006,-73.93521121499998,3,M,45-64,WHITE HISPANIC
9509,40.78486125000006,-73.94958036799993,3,F,<18,WHITE HISPANIC
9528,40.806046998000056,-73.95418793599998,3,F,25-44,ASIAN / PACIFIC ISLANDER
9582,40.733619664000045,-73.99955762999997,2,M,25-44,BLACK
9587,40.82502272800008,-73.945000882,0,F,25-44,WHITE
9608,40.86111605600007,-73.92608527899995,0,F,18-24,WHITE HISPANIC
9614,40.79705615700004,-73.96447666399997,3,M,<18,BLACK
9624,40.71761772000008,-74.00128568299994,2,M,25-44,WHITE
9631,40.77841252300004,-73.98208876999998,1,F,UNKNOWN,WHITE
9684,40.82689168500008,-73.94459464399995,0,F,45-64,WHITE
9687,40.70241651400005,-74.01282645699997,2,M,45-64,WHITE HISPANIC
9688,40.71007470800004,-74.00976558899998,2,F,25-44,UNKNOWN
9690,40.76365286300006,-73.97558408999998,1,M,45-64,WHITE
9694,40.81895736600006,-73.95220279099993,3,M,<18,WHITE HISPANIC
9703,40.742249162000064,-73.99885747799993,2,M,25-44,WHITE
9738,40.841642767000046,-73.94106580999993,0,M,45-64,WHITE
9762,40.71946547300007,-73.97737156199997,2,F,45-64,WHITE HISPANIC
9771,40.738560221000064,-73.99968389599995,2,M,45-64,WHITE
9776,40.811169851000045,-73.95044910699994,3,M,45-64,WHITE HISPANIC
9782,40.81347401500005,-73.94728636499997,3,F,18-24,WHITE HISPANIC
9784,40.80461915800004,-73.95274406899993,3,F,25-44,BLACK
9810,40.844502992000045,-73.93635024499997,0,F,45-64,BLACK
9813,40.77239307800004,-73.98063540799996,1,F,18-24,BLACK
9823,40.74798569200004,-74.00089288399994,1,F,25-44,WHITE
9842,40.81806387300003,-73.95541164599996,3,F,25-44,WHITE HISPANIC
9847,40.74048978100007,-74.00013496799994,2,M,65+,WHITE
9849,40.73865352100006,-73.99776414999997,2,F,25-44,AMERICAN INDIAN/ALASKAN NATIVE
9855,40.71946547300007,-73.97737156199997,2,F,25-44,WHITE HISPANIC
9856,40.79095658200004,-73.94220131199995,3,F,18-24,UNKNOWN
9859,40.80461915800004,-73.95274406899993,3,F,<18,BLACK
9867,40.80025258300003,-73.94140946199997,3,M,45-64,WHITE HISPANIC
9869,40.73171480100008,-74.00095761299998,2,F,25-44,ASIAN / PACIFIC ISLANDER
9874,40.79449939700004,-73.946579075,3,F,45-64,WHITE HISPANIC
9942,40.78348154800005,-73.97910474199995,1,F,45-64,WHITE
9953,40.767955110000045,-73.982362342,1,F,18-24,BLACK
9965,40.81974139400006,-73.93858143399994,3,F,25-44,BLACK
9982,40.80409056700007,-73.95561605799999,3,F,25-44,BLACK
9989,40.713588346000044,-73.99594335999996,2,F,65+,ASIAN / PACIFIC ISLANDER
9996,40.757240531000036,-73.98979363699993,1,F,18-24,BLACK
10019,40.79918422600008,-73.95184497099996,3,M,25-44,AMERICAN INDIAN/ALASKAN NATIVE
10020,40.75751564800004,-73.96505723199994,1,F,25-44,WHITE
10025,40.79863330000006,-73.94162037099994,3,F,45-64,WHITE
10028,40.78210141700004,-73.98188195599994,1,F,25-44,WHITE
10034,40.72383173500003,-73.99456457999997,2,M,25-44,WHITE HISPANIC
10040,40.718514334000076,-73.98536600299997,2,M,18-24,AMERICAN INDIAN/ALASKAN NATIVE
10044,40.71454252900003,-74.01567129499993,2,F,25-44,WHITE
10048,40.79607431300008,-73.96706674599994,3,M,45-64,WHITE HISPANIC
10070,40.74746693600008,-74.00062580999997,1,F,18-24,WHITE
10071,40.711389864000076,-74.000106051,2,F,45-64,WHITE HISPANIC
10081,40.75616976700008,-73.97156224699995,1,F,25-44,ASIAN / PACIFIC ISLANDER
10083,40.72063684600005,-74.00521077799993,2,F,25-44,BLACK
10103,40.77186814800007,-73.95759794899999,1,F,<18,WHITE
10108,40.71568225100003,-73.99015712099998,2,M,UNKNOWN,WHITE
10116,40.789802923000025,-73.95228872499997,3,M,25-44,WHITE
10118,40.799447675000074,-73.967386531,3,F,25-44,WHITE HISPANIC
10138,40.74833701100005,-74.00171936599996,1,M,25-44,BLACK
10143,40.86503877900003,-73.92694500099998,0,M,UNKNOWN,UNKNOWN
10205,40.83085813300004,-73.94529598399998,0,F,25-44,WHITE HISPANIC
10214,40.72429019500004,-74.00312938099995,2,M,65+,WHITE
10222,40.78458061100008,-73.97171983199995,3,F,25-44,AMERICAN INDIAN/ALASKAN NATIVE
10242,40.820071677000044,-73.94032618999995,3,F,25-44,BLACK
10247,40.71351503600005,-73.97844130799997,2,F,25-44,ASIAN / PACIFIC ISLANDER
10258,40.798193324000074,-73.96735102799995,3,F,25-44,WHITE HISPANIC
10261,40.74798569200004,-74.00089288399994,1,F,45-64,BLACK
10336,40.75279712600008,-73.99488344499997,1,M,45-64,BLACK
10337,40.78875338200004,-73.94981215199994,3,F,25-44,BLACK
10346,40.76223477100008,-73.96818808299997,1,M,45-64,WHITE HISPANIC
10357,40.794515091000044,-73.96632353299998,3,M,45-64,BLACK
10385,40.72103445800008,-73.98931215499994,2,M,45-64,ASIAN / PACIFIC ISLANDER
10397,40.71774270100008,-73.98279048099994,2,F,45-64,WHITE HISPANIC
10425,40.765024079000064,-73.98483594999993,1,F,18-24,BLACK
10426,40.81077276700007,-73.95259158999993,3,F,65+,WHITE HISPANIC
10433,40.71022856800005,-74.00774568899999,2,M,45-64,WHITE HISPANIC
10434,40.737203099000055,-73.98327259799999,2,M,<18,WHITE HISPANIC
10453,40.841642767000046,-73.94106580999993,0,F,25-44,WHITE HISPANIC
10464,40.84321623700004,-73.93728755699995,0,F,45-64,WHITE HISPANIC
10494,40.82514828500007,-73.94947035199993,0,F,25-44,BLACK
10500,40.79415025600008,-73.93986908699995,3,M,45-64,AMERICAN INDIAN/ALASKAN NATIVE
10502,40.744353600000075,-73.986497118,1,F,25-44,BLACK
10503,40.75751564800004,-73.96505723199994,1,F,65+,WHITE
10508,40.763522977000044,-73.98707442499993,1,F,45-64,WHITE
10517,40.77931023000008,-73.98326924399998,1,F,25-44,ASIAN / PACIFIC ISLANDER
10518,40.84283850100008,-73.93921789399997,0,F,25-44,WHITE
10519,40.830163637000055,-73.93962695899995,0,F,25-44,BLACK
10526,40.83876833000005,-73.93966251799998,0,F,45-64,WHITE HISPANIC
10535,40.76904847400005,-73.99047415399998,1,M,45-64,BLACK
10540,40.765912797000055,-73.98094414399995,1,F,45-64,WHITE HISPANIC
10551,40.75425469800007,-73.99938063399995,1,M,25-44,WHITE HISPANIC
10555,40.762897226000064,-73.98752577899995,1,F,25-44,WHITE
10565,40.84108492100006,-73.93976883999993,0,F,25-44,WHITE
10583,40.836326257000046,-73.94669727199994,0,F,65+,WHITE HISPANIC
10593,40.75598800500006,-73.96919089299999,1,M,25-44,WHITE HISPANIC
10613,40.73374316100006,-74.00199682599998,2,M,45-64,WHITE
10619,40.867482779000056,-73.92457413899997,0,M,45-64,WHITE HISPANIC
